name,slug,file,aliases,city,w,h
Altoona-Midway,altoona-midway,altoona-midway.png,,Buffalo,400,400
Andale,andale,andale.png,,Andale,400,400
Andover,andover,andover.png,,,200,150
Arkansas City,arkansas-city,arkansas-city.png,,Arkansas City,293,293
Atchison,atchison,,,Atchison,300,300
Atchison County,atchison-county,,,Effingham,300,300
Augusta,augusta,augusta.png,,,200,150
Axtell,axtell,,,Axtell,300,300
Baldwin,baldwin,baldwin.png,,Baldwin City,400,400
Basehor-Linwood,basehor-linwood,basehor-linwood.png,,Basehor,400,400
Baxter Springs,baxter-springs,baxter-springs.png,,Baxter Springs,80,80
Belle Plaine,belle-plaine,,,Belle Plaine,300,300
Beloit,beloit,beloit.png,,Beloit,400,400
Bishop Carroll,bishop-carroll,,,Wichita,400,400
Bishop Miege,bishop-miege,bishop-miege.png,,,200,150
Bishop Seabury,bishop-seabury,,,Lawrence,400,400
Bishop Ward,bishop-ward,bishop-ward.png,,Kansas City,300,300
Blue Valley,blue-valley,blue-valley.png,BV,Stilwell,290,290
Blue Valley Northwest,blue-valley-northwest,,BV Northwest; BVNW,Overland Park,300,300
Blue Valley Southwest,blue-valley-southwest,blue-valley-southwest.png,BV Southwest; BVSW,Overland Park,125,83
Blue Valley West,blue-valley-west,blue-valley-west.png,BV West; BVW,Overland Park,400,400
Bluestem,bluestem,bluestem.png,,Leon,300,249
Brewster,brewster,brewster.png,,Brewster,168,177
Bucklin,bucklin,bucklin.png,,Bucklin,400,400
Buhler,buhler,buhler.png,,Buhler,400,400
Burlington,burlington,burlington.png,,Burlington,400,400
Cair Paravel Latin School,cair-paravel-latin-school,,,Topeka,300,300
Canton-Galva,canton-galva,canton-galva.png,,Canton,111,111
Central,central,central.png,,Burden,400,400
Central Plains,central-plains,central-plains.png,,Claflin,400,400
Centralia,centralia,,,Centralia,300,300
Chanute,chanute,chanute.png,,Chanute,191,179
Chaparral,chaparral,,,Anthony,400,400
Cheney,cheney,cheney.png,,,200,150
Cherryvale,cherryvale,cherryvale.png,,Cherryvale,400,400
Chetopa,chetopa,,,Chetopa,300,300
Christ Prep Academy,christ-prep-academy,christ-prep-academy.png,,Lenexa,400,400
Circle,circle,circle.png,,Towanda,86,85
Clay Center,clay-center,,,Clay Center,300,300
Clearwater,clearwater,clearwater.png,,Clearwater,400,400
Colby,colby,colby.png,,Colby,400,400
Concordia,concordia,concordia.png,,Concordia,167,130
Conway Springs,conway-springs,conway-springs.png,,Conway Springs,300,180
Council Grove,council-grove,council-grove.png,,Council Grove,400,400
De Soto,de-soto,de-soto.png,,De Soto,400,400
Deerfield,deerfield,deerfield.png,,Deerfield,400,400
Derby,derby,derby.png,,Derby,400,400
Dodge City,dodge-city,dodge-city.png,,Dodge City,400,400
Douglass,douglass,douglass.png,,Douglass,400,400
Eisenhower,eisenhower,eisenhower.png,,Goddard,194,132
El Dorado,el-dorado,el-dorado.png,,El Dorado,400,400
Elkhart,elkhart,elkhart.png,,Elkhart,170,170
Ell-Saline,ell-saline,ell-saline.png,,Brookville,300,226
Ellinwood,ellinwood,ellinwood.png,,Ellinwood,400,400
Ellis,ellis,ellis.png,,Ellis,400,400
Ellsworth,ellsworth,,,Ellsworth,300,300
Emporia,emporia,emporia.png,,Emporia,281,281
Erie,erie,erie.png,,Erie,395,398
Eudora,eudora,eudora.png,,Eudora,225,225
Field Kindley,field-kindley,field-kindley.png,,Coffeyville,300,300
Flinthills,flinthills,,,Rosalia,300,300
Fort Scott,fort-scott,fort-scott.png,,Fort Scott,400,400
Free State,free-state,free-state.png,,Lawrence,400,400
Frontenac,frontenac,frontenac.png,,Frontenac,127,152
Garden City,garden-city,garden-city.png,,Garden City,223,223
Garden Plain,garden-plain,garden-plain.png,,Garden Plain,300,300
Girard,girard,girard.png,,Girard,279,279
Golden Plains,golden-plains,,,Rexford,300,300
Goodland,goodland,goodland.png,,Goodland,400,400
Great Bend,great-bend,great-bend.png,,Great Bend,199,204
Greeley County,greeley-county,,,Tribune,300,300
Halstead,halstead,halstead.png,,Halstead,188,188
Hanover,hanover,,,Hanover,300,300
Hartford,hartford,,,Hartford,300,300
Hayden,hayden,hayden.png,Topeka Hayden,Topeka,86,86
Hays,hays,hays.png,,,200,150
Herington,herington,herington.png,,Herington,95,84
Hiawatha,hiawatha,hiawatha.png,,Hiawatha,139,139
Highland Park,highland-park,highland-park.png,,Topeka,400,400
Hill City,hill-city,hill-city.png,,,200,150
Hillsboro,hillsboro,hillsboro.png,,Hillsboro,400,400
Hodgeman County,hodgeman-county,hodgeman-county.png,,Jetmore,86,86
Hoisington,hoisington,hoisington.png,,Hoisington,353,353
Holton,holton,holton.png,,Holton,72,72
Hoxie,hoxie,hoxie.png,,Hoxie,400,400
Hugoton,hugoton,hugoton.png,,Hugoton,400,400
Hutchinson,hutchinson,hutchinson.png,,Hutchinson,400,400
Independence,independence,independence.png,,Independence,300,254
Ingalls,ingalls,,,Ingalls,300,300
Inman,inman,inman.png,,Inman,400,400
Iola,iola,iola.png,,Iola,183,177
JC Harmon,jc-harmon,,,Kansas City,400,400
Jayhawk-Linn,jayhawk-linn,,,Mound City,300,300
Jefferson County North,jefferson-county-north,jefferson-county-north.png,,Winchester,362,355
Jefferson West,jefferson-west,jefferson-west.png,,Meriden,294,294
Junction City,junction-city,junction-city.png,,Junction City,400,400
KC Schlagle,kc-schlagle,,,Kansas City,400,400
KC Sumner,kc-sumner,,,Kansas City,400,400
KC Turner,kc-turner,,,Kansas City,400,400
Kapaun Mt. Carmel,kapaun-mt-carmel,,,Wichita,168,168
Kingman,kingman,kingman.png,,,200,150
Kinsley,kinsley,kinsley.png,,Kinsley,300,300
Kiowa County,kiowa-county,kiowa-county.png,,Greensburg,320,320
Labette County,labette-county,labette-county.png,,Altamont,400,400
Lansing,lansing,lansing.png,,Lansing,400,400
Lawrence,lawrence,lawrence.png,,Lawrence,357,357
Leavenworth,leavenworth,leavenworth.png,,Leavenworth,91,80
Liberal,liberal,liberal.png,,Liberal,400,400
Life Prep Academy,life-prep-academy,life-prep-academy.png,,Wichita,178,177
Lincoln,lincoln,,,Lincoln,300,300
Linn,linn,linn.png,,Linn,226,226
Logan,logan,,,Logan,300,300
Louisburg,louisburg,louisburg.png,,Louisburg,400,400
Macksville,macksville,macksville.png,,Macksville,96,81
Maize,maize,maize.png,,Maize,400,400
Maize South,maize-south,maize-south.png,Maize S,Wichita,400,400
Manhattan,manhattan,manhattan.png,,Manhattan,400,400
Maranatha Christian,maranatha-christian,,,Shawnee,400,400
Marion,marion,marion.png,,Marion,242,226
Marmaton Valley,marmaton-valley,marmaton-valley.png,,Moran,400,400
Marysville,marysville,marysville.png,,Marysville,260,260
Maur Hill - Mount Academy,maur-hill-mount-academy,,,Atchison,300,300
McPherson,mcpherson,mcpherson.png,,,200,150
Meade,meade,meade.png,,Meade,225,225
Medicine Lodge,medicine-lodge,,,Medicine Lodge,300,300
Mill Valley,mill-valley,mill-valley.png,,Shawnee,400,400
Minneapolis,minneapolis,minneapolis.png,,Minneapolis,200,200
Minneola,minneola,,,Minneola,300,300
Mission Valley,mission-valley,mission-valley.png,,Eskridge,185,185
Natoma,natoma,,,Natoma,300,300
Nemaha Central,nemaha-central,nemaha-central.png,,Seneca,400,400
Neodesha,neodesha,neodesha.png,,Neodesha,400,400
Newton,newton,newton.png,,Newton,150,173
Nickerson,nickerson,nickerson.png,,Nickerson,400,400
Northern Valley,northern-valley,,,Almena,300,300
Norton,norton,,,Norton,300,300
Oakley,oakley,oakley.png,,Oakley,89,84
Oberlin-Decatur,oberlin-decatur,,,Oberlin,94,85
Olathe East,olathe-east,olathe-east.png,,Olathe,300,275
Olathe North,olathe-north,olathe-north.png,,Olathe,400,400
Olathe South,olathe-south,olathe-south.png,,Olathe,250,250
Olpe,olpe,olpe.png,,Olpe,300,300
Onaga,onaga,onaga.png,,Onaga,400,400
Osage City,osage-city,osage-city.png,,Osage City,216,216
Osawatomie,osawatomie,osawatomie.png,,Osawatomie,300,211
Osborne,osborne,,,Osborne,300,300
Ottawa,ottawa,ottawa.png,,Ottawa,141,141
Oxford,oxford,oxford.png,,Oxford,299,299
Palco,palco,,,Palco,300,300
Paola,paola,paola.png,,Paola,100,100
Parsons,parsons,parsons.png,,Parsons,118,118
Pawnee Heights,pawnee-heights,pawnee-heights.png,,Rozel,400,400
Peabody-Burns,peabody-burns,,,Peabody,300,300
Perry-Lecompton,perry-lecompton,perry-lecompton.png,,Perry,400,400
Phillipsburg,phillipsburg,phillipsburg.png,,Phillipsburg,400,400
Plainville,plainville,plainville.png,,Plainville,379,384
Pleasant Ridge,pleasant-ridge,pleasant-ridge.png,,Easton,112,112
Pleasanton,pleasanton,,,Pleasanton,300,300
Prairie View,prairie-view,prairie-view.png,,Lacygne,106,109
Pratt,pratt,pratt.png,,Pratt,400,400
Remington,remington,frederic-remington.png,,Whitewater,256,125
Republic County,republic-county,republic-county.png,,Belleville,93,83
Riverside,riverside,riverside.png,,Wathena,400,400
Rock Creek,rock-creek,rock-creek.png,,St. George,400,400
Rock Hills,rock-hills,,,Mankato,300,300
Rose Hill,rose-hill,rose-hill.png,,Rose Hill,400,400
Rossville,rossville,rossville.png,,Rossville,262,262
Royal Valley,royal-valley,royal-valley.png,,Hoyt,180,180
Russell,russell,russell.png,,Russell,130,80
Sacred Heart,sacred-heart,sacred-heart.png,,Salina,299,299
Salina Central,salina-central,salina-central.png,,Salina,128,128
Salina South,salina-south,salina-south.png,,Salina,246,279
Satanta,satanta,,,Satanta,300,300
Seaman,seaman,seaman.png,,Topeka,299,255
Shawnee Heights,shawnee-heights,shawnee-heights.png,,Tecumseh,400,400
Shawnee Mission North,shawnee-mission-north,shawnee-mission-north.png,SM North; SMN,Overland Park,329,329
Shawnee Mission West,shawnee-mission-west,shawnee-mission-west.png,SM West; SMW,Shawnee Mission,340,340
Silver Lake,silver-lake,silver-lake.png,,,200,150
Smoky Valley,smoky-valley,smoky-valley.png,,Lindsborg,144,144
South Barber,south-barber,,,Kiowa,300,300
South Central,south-central,,,Coldwater,300,300
South Sumner County,south-sumner-county,,,South Haven,400,400
Southeast,southeast,southeast.png,,Cherokee,400,400
Southeast Saline,southeast-saline,,,Gypsum,300,300
Southwestern Heights,southwestern-heights,southwestern-heights.png,,Kismet,310,310
Spearville,spearville,spearville.png,,Spearville,400,400
St. Francis,st-francis,,,St. Francis,300,300
St. James Academy,st-james-academy,st-james-academy.png,St. James; StJames,Lenexa,270,270
St. Mary's,st-mary-s,st-mary-s.png,,St. Marys,300,300
St. Paul,st-paul,,,St. Paul,300,300
St. Thomas Aquinas,st-thomas-aquinas,st-thomas-aquinas.png,Aquinas; STA,Overland Park,187,173
Stafford,stafford,stafford.png,,Stafford,400,400
Stanton County,stanton-county,stanton-county.png,,Johnson City,400,400
Sterling,sterling,sterling.png,,Sterling,400,400
Stockton,stockton,,,Stockton,300,300
Sunrise Christian Academy,sunrise-christian-academy,sunrise-christian-academy.png,,Bel Aire,225,225
Tonganoxie,tonganoxie,tonganoxie.png,,Tonganoxie,400,400
Topeka High,topeka-high,topeka-high.png,,,200,150
Topeka West,topeka-west,topeka-west.png,,Topeka,400,400
Udall,udall,udall.png,,Udall,174,174
Ulysses,ulysses,ulysses.png,,Ulysses,372,372
Uniontown,uniontown,uniontown.png,,Uniontown,200,200
Valley Center,valley-center,valley-center.png,,Valley Center,104,104
Valley Falls,valley-falls,valley-falls.png,,Valley Falls,400,400
Valley Heights,valley-heights,valley-heights.png,,Blue Rapids,177,109
Victoria,victoria,,,Victoria,300,300
WaKeeney-Trego,wakeeney-trego,wakeeney-trego.png,,Wakeneeny,400,400
Wakefield,wakefield,,,Wakefield,300,300
Wamego,wamego,wamego.png,,Wamego,173,173
Washburn Rural,washburn-rural,washburn-rural.png,,Topeka,400,400
Washington County,washington-county,washington-county.png,,Washington,400,400
Western Plains,western-plains,western-plains.png,,Ransom,100,100
Wichita Collegiate,wichita-collegiate,,,Wichita,300,300
Wichita East,wichita-east,wichita-east.png,,Wichita,84,80
Wichita Independent,wichita-independent,,,Wichita,100,100
Wichita North,wichita-north,wichita-north.png,,Wichita,270,270
Wichita Northwest,wichita-northwest,,,Wichita,400,400
Wichita South,wichita-south,wichita-south.png,,Wichita,300,231
Wichita Southeast,wichita-southeast,wichita-southeast.png,Wichita SE,Wichita,400,400
Wichita Trinity,wichita-trinity,wichita-trinity.png,Wichita Trinity Academy,Wichita,255,255
Wilson,wilson,,,Wilson,300,300
Winfield,winfield,,,Winfield,300,300
